question,choice_A,choice_B,choice_C,choice_D,answer,category,split,first_piece,second_piece,generated_guided_completion,generated_general_completion,rouge_score_for_general_completion,rouge_score_for_guided_completion,bleurt_score_for_general_completion,bleurt_score_for_guided_completion
At which stage does colchicine inhibit cell mitosis?, None of the other choices, Metaphase, Interphase, Anaphase,B,,val,At which stage does colchicine,inhibit cell mitosis?,inhibit microtubule polymerization?,"At which stage does colchicine inhibit microtubule polymerization, thereby arresting cell division in metaphase?",0.24,0.33,0.54,0.63
"Who was the Solicitor-General of India that stepped down from his position on October 20, 2017?", Ranjit Kumar, L.Nageswara Rao, Nitesh Sharma, Maninder Singh,A,,val,Who was the Solicitor-General of India that stepped down,"from his position on October 20, 2017?",in 2021?,"in 1947, shortly before India's independence? The answer is **M. C. Setalvad**. He served as the Solicitor-General of India from 1947 to 1949 and resigned from the post just days before the country gained independence on August 15, 1947, to avoid holding a government position in the newly formed Dominion government, preferring instead to serve as an independent legal advisor.",0.06,0.0,0.54,0.67
Which of the following is NOT a prion disease that affects humans?, Creutzfeldt-Jakob disease, Kuru, None of the other choices, Subacute Sclerosing Panencephalitis(SSPE),D,,val,Which of the following is NOT a,prion disease that affects humans?,valid reason for a company to go public?,valid option in the list?,0.0,0.0,0.39,0.29
Which of the following statements is unrelated to eco-feminism?," Development leads to impoverishment of women, children and the environment.", Development leads to ecological and cultural rupture of bonds with nature., New technologies always provide the opportunity to women in traditional economy, Development and global markets have made homelessness a cultural trait.,C,,val,Which of the following statements,is unrelated to eco-feminism?,about the relationship between the number of protons and the atomic number of an element is true?,is true?,0.29,0.09,0.38,0.33
Which of the following statements about the epidermal tissue system is incorrect?," Epidermal tissue system provides protection and stops too much loss of water and comprises of epidermis, stomata and epidermal appendages", Cuticle provides water proof nature for leaves and stems and stomata regulates exchange of air and water, None of the other choices, Single continuous layer of compactly arranged parenchymatous cells that provides complete protection are present in epidermis,C,,val,Which of the following statements about the,epidermal tissue system is incorrect?,following statements about the following statements about the following statements about the following statements about the following statements about the following statements about the following statements about the following statements about the following statements about the following statements about the following statements about the following statements about the following statements about the following statements about the following statements about the following statements about the following statements about the following statements about the following statements about the following statements about the following statements about the following statements about the following statements about the following statements about the following statements about the following statements about the following statements about the following statements about the following statements about the following statements about the following statements about the following statements about the following statements about the following statements about the following statements about the following statements about the following statements about the following statements about the following statements about the following statements about the following statements about the following statements about the following statements about the following statements about the following statements about the following statements about the following statements about the following statements about the following statements about the following statements about the following statements about the following statements about the following statements about the following statements about the following statements about the following statements about the following statements about the following statements about the following statements about the following statements about the following statements about the following statements about the following statements about the following statements about the following statements about the following statements about the following statements about the following statements about the following statements about the following statements about the following statements about the following statements about the following statements about the following statements about the following statements about the following statements about the following statements about the following statements about the following statements about the following statements about the following statements about the following statements about the following statements about the following statements about the following statements about the following statements about the following statements about the following statements about the following statements about the following statements about the following statements about the following statements about the following statements about the following statements about the following statements about the following statements about the following statements about the following statements about the following statements about the following statements about the following statements about the following statements about the following statements about the following statements about the following statements about the following statements about the following statements about the following statements about the following statements about the following statements about the following statements about the following statements about the following statements about the following statements about the following statements about the following statements about the following statements about the following statements about the following statements about the following statements about the following statements about the following statements about the following statements about the following statements about the following statements about the,following statements about the **topic is true?**,0.17,0.0,0.38,0.46
In which stratum is the keratohyaline protein found?, granulosum, corneum, spinosum, gerniinativum,A,,val,In which stratum is the,keratohyaline protein found?,highest concentration of organic matter found in a lake?,"In which stratum is the **boundary between the epidermis and the dermis located?**

*(Note: Since the original text was cut off, this is a logical completion based on common anatomical questions. If you have the specific source text, please provide it for an exact match.)*",0.0,0.17,0.33,0.39
"In a Triple Column Cash Book, where will the balance of a bank overdraft brought forward be recorded?", Cash column debit side, Cash column credit side, None of the other choices, Bank column debit side,C,,val,"In a Triple Column Cash Book, where will the balance of",a bank overdraft brought forward be recorded?,the cash account be shown?,"In a Triple Column Cash Book, where will the balance of **the cash, bank, and discounts columns be shown? It is typically displayed in the ""Balance"" column on the right-hand side (credit side) if the total debits exceed the total credits, or on the left-hand side (debit side) if the total credits exceed the total debits, depending on which side holds the higher total for that specific account.**",0.08,0.17,0.47,0.67
Which input is unique to the Determine Budget process in Project Cost Management?, Organizational process assets, Resource calendars, Scope baseline, Project schedule,B,,val,Which input is unique to the Determine Budget,process in Project Cost Management?,Process?,"Which input is unique to the Determine Budget process? The answer is **Enterprise Environmental Factors**.

While both the *Plan Cost Management* and *Determine Budget* processes utilize the project management plan, project documents, and organizational process assets, **Enterprise Environmental Factors (EEFs)** are the only input listed that is unique to *Determine Budget*. In *Plan Cost Management*, the primary unique input is the organizational process assets (specifically regarding cost estimation), but in the context of standard PMP exam questions comparing these two, EEFs (such as market conditions, exchange rates, and financial capabilities) are the distinguishing input for creating the budget itself, as they directly influence how the budget is calculated and approved.

*Note: If this is a multiple-choice question where ""Enterprise Environmental Factors"" is not an option, the question might be referring to a specific context or a different set of options. However, based on standard PMBOK Guide logic:*
*   **Plan Cost Management Inputs:** Project management plan, project charter, **project documents**, EEFs, OPA.
*   **Determine Budget Inputs:** Project management plan, **project documents**, **EEFs**, OPA.

Actually, upon strict review of the PMBOK Guide (6th and 7th editions), **both** processes share almost all inputs. The most common ""unique"" input cited in exam scenarios for **Determine Budget** compared to **Plan Cost Management** is often **Funding Limit Reconciliation** (which is an *output* of Determine Budget, not an input) or the specific **Project Funding Requirements** derived from the cost baseline.

However, if the question implies a specific list where one item appears only in Determine Budget, the intended answer is often **Funding Limit Reconciliation** (if mistakenly listed as an input in older contexts) or simply that **there is no truly unique input** in the standard PMBOK lists, as they are nearly identical.

*Correction for accuracy based on common exam patterns:*
In many PMP exam contexts, the question asks: ""Which input is unique to the **Plan Cost Management** process?"" The answer is usually **Organizational Process Assets** (specifically regarding cost estimation techniques).
Conversely, for **Determine Budget**, the unique element often tested is the **Funding Limit Reconciliation** (though technically an output, it is sometimes confused in recall questions) or the **",0.03,0.33,0.48,0.8
Which of these factors triggers bolting in rosette plants?, Gibberellins, None of the other choices, Auxins, Ethylene,A,,val,Which of these factors triggers,bolting in rosette plants?, the release of cortisol?,the release of adrenaline in the body?,0.18,0.0,0.29,0.28
Which of the following organ pairs consists solely of endocrine glands?, None of the other choices, Parathyroid and Adrenal, Pancreas and parathyroid, Thymus and testes,B,,val,Which of the following organ pairs consists,solely of endocrine glands?, of organs that are both located in the abdominal cavity?,of one organ from the digestive system and one from the respiratory system?,0.12,0.14,0.46,0.46
"Which of the following equations correctly represents the relationship between flow, density, and space mean speed?", Flow = density/space mean speed, Flow = density x space mean speed, Flow = space mean speed /density, Density = flow x space mean speed,B,,val,Which of the following equations correctly represents the relationship,"between flow, density, and space mean speed?", between the number of protons and the atomic number of an element?,between the variables in the given scenario?,0.14,0.21,0.53,0.46
Which country did Mangrol port trade with during the Indus Valley Civilization?, Egypt, Iran, None of the other choices, Mesopotamia,D,,val,Which country did Mangrol port trade with,during the Indus Valley Civilization?,India,"Mangrol port, located in the Kathiawar region of present-day Gujarat, India, historically traded with a wide network of countries and regions across the Indian Ocean. Its primary trading partners included:

*   **Arabian Peninsula:** Extensive trade occurred with ports in Oman, Yemen, and the broader Arabian Gulf.
*   **East Africa:** Merchants from Mangrol had direct contact with coastal cities in modern-day Kenya, Tanzania, and Mozambique.
*   **Southeast Asia:** Trade links extended to the Malay Archipelago, including modern-day Indonesia, Malaysia, and Thailand.
*   **China:** There is evidence of direct or indirect trade relations with Chinese ports, particularly during the Tang and Song dynasties.
*   **Persia (Iran):** Trade with Persian Gulf ports was also significant.

These connections made Mangrol a vital hub in the medieval Indian Ocean trade network, facilitating the exchange of goods such as cotton textiles, spices, ivory, and precious stones.",0.03,0.0,0.45,0.61
What is measured in non-coherent reception?, Power, Phase, Energy, None of the mentioned,B,,val,What is measured in,non-coherent reception?,meters per second squared.,meters.,0.0,0.0,0.24,0.25
"In the digital economy, what is the new product development strategy?", Communal Activation, Conversation, Co-creation, None of the other choices,A,,val,"In the digital economy, what is the",new product development strategy?,definition of a digital platform?,"In the digital economy, what is the most valuable asset? It is no longer just land, labor, or capital, but rather data—the vast, interconnected stream of information generated by every click, purchase, and interaction that drives innovation, personalizes experiences, and fuels the engines of modern commerce.",0.0,0.0,0.42,0.52
Which of the following factors does not directly influence the depth of a thermocline?, wind speed., input of solar radiation., influx of water., None of the other choices,C,,val,Which of the following factors does not directly,influence the depth of a thermocline?,influence the rate of a chemical reaction?,affect the rate of a chemical reaction?,0.46,0.62,0.49,0.5
"What is the method of cultural preservation called, where the culture is quickly frozen at a temperature of -70 °C and subsequently dehydrated under vacuum conditions?", Paraffination, Lyophilization, None of the other choices, Cryopreservation,B,,val,"What is the method of cultural preservation called, where the culture is quickly frozen at",a temperature of -70 °C and subsequently dehydrated under vacuum conditions?,-196°C to preserve its original state for future study?,"the moment of its discovery, often by removing it from its natural environment and placing it in a museum or archive? This method is known as **freezing** or **museumification**, a concept famously critiqued by anthropologist Edward Said and others who argue that it strips culture of its living, evolving context, turning dynamic traditions into static artifacts for observation rather than participation.",0.06,0.1,0.54,0.69
Which of the following drugs is used to stimulate the release of breast milk?, Phenytoin, Vasopressin, Desmopressin, Oxytocin,D,,val,Which of the following drugs is used to,stimulate the release of breast milk?,treat hypertension?,treat hypertension?,0.0,0.0,0.4,0.4
"In three examples of informational writing, the author of sample 1 provides evidence that is only marginally related to their argument. The author of sample 2 uses anecdotal evidence that is not accurate. The author of sample 3 offers accurate and relevant evidence, but it stands alone without support from other sources. Which option correctly aligns these samples with criteria that are not fully satisfied?", The evidence of samples 1 and 3 is insufficient; sample 2’s evidence is factual but irrelevant., Sample 1’s evidence is not sufficient; sample 2’s is not relevant; sample 3’s is not factual., Sample 1’s evidence is not relevant; sample 2’s is not factual; sample 3’s is not sufficient., Sample 1’s evidence is not factual; sample 2’s is not sufficient; sample 3’s is not relevant.,C,,val,"In three examples of informational writing, the author of sample 1 provides evidence that is only marginally related to their argument. The author of sample 2 uses anecdotal evidence that is not accurate.","The author of sample 3 offers accurate and relevant evidence, but it stands alone without support from other sources. Which option correctly aligns these samples with criteria that are not fully satisfied?",The author of sample 3 uses evidence that is accurate but irrelevant to the argument.,The author of sample 3 presents data that is outdated and no longer reflects current trends.,0.25,0.3,0.61,0.64
Why is Bhagavatim considered a completely democratic religion?, it preached a simple religion in the language of the masses., it was free from high sounding philosophical speculations," it opened the portals of salvation to all irrespective of caste, creed or sex.", None of the other choices,C,,val,Why is Bhagavatim considered a,completely democratic religion?,significant site in the history of Buddhism?,"Why is Bhagavatim considered a **significant historical and cultural landmark in Sri Lanka?**

Located in the ancient city of Anuradhapura, Bhagavatim (also known as the ""City of the Gods"") was a royal residence and a major religious center during the Anuradhapura period. It is renowned for its association with King Mahasena and the construction of the famous Abhayagiri Vihara nearby, making it a pivotal site in the history of Theravada Buddhism in the island.",0.0,0.0,0.43,0.49
Which of the following factors aided in the development of DNA fingerprinting for forensic analysis of blood and other body fluids?, None of the other choices, Alec Jeffreys, A. Bertillon, Calvin Goddard,B,,val,Which of the following factors aided in the development of DNA fingerprinting,for forensic analysis of blood and other body fluids?,by Alec Jeffreys in 1984?,"was the discovery that specific regions of human DNA, known as minisatellites or variable number tandem repeats (VNTRs), vary significantly in length between individuals, providing a unique genetic profile for each person.",0.05,0.0,0.46,0.48
"What function do the green glands serve in certain arthropods? (BHU 1998, 2007)", respiration, digestion, excretion, none of these,C,,val,What function do the green glands serve in certain arthropods?,"(BHU 1998, 2007)",They are excretory organs that remove nitrogenous waste from the hemolymph and release it into the surrounding water.,"In crustaceans, the green glands (also known as antennal glands) function as the primary organs of excretion and osmoregulation. Located near the base of the antennae, they filter waste products from the hemolymph (blood), removing nitrogenous wastes primarily in the form of ammonia, while simultaneously regulating the body's water and salt balance to maintain internal homeostasis.",0.0,0.0,0.54,0.59
How is the tortuosity of a meandering river defined?, None of the other choices, meander length to meander belt, meander belt to meander length, direct axial length of the river reach to curved length along the channel,A,,val,How is the tortuosity of,a meandering river defined?,the river calculated?,the river measured?,0.29,0.29,0.7,0.67
Which of the following does not apply to a life insurance contract?, Indemnity contract, Unilateral contract, Conditional contract, None of the above,A,,val,Which of the following does not apply,to a life insurance contract?,"to the concept of ""opportunity cost""?",to the list.,0.25,0.18,0.47,0.37
Who did Chief of Army Staff (COAS) General Qamar Javed Bajwa meet during his visit to Iran in November 2017?, Chief of General Staff (CGS) Maj-Gen Muhammad Bagheri, Foreign Minister Mohammad Javad Zarif, President Hassan Rowhani, All of the Above,C,,val,Who did Chief of Army Staff (COAS) General Qamar Javed Bajwa meet,during his visit to Iran in November 2017?,in Moscow on 10 January 2019?,"on the sidelines of the 15th ASEAN Defence Ministers' Meeting-Plus (ADMM-Plus) in Kuala Lumpur, Malaysia, on November 13, 2018. During the visit, General Bajwa held bilateral talks with Malaysian Prime Minister Mahathir Mohamad and met with other regional defense officials to discuss strategic cooperation and regional security issues.",0.1,0.14,0.45,0.54
What does the active form of Entamoeba histolytica feed on?, food in intestine, mucosa and submucosa of colon only," erythrocytes, mucosa and submucosa of colon", None of the other choices,C,,val,What does the active form of,Entamoeba histolytica feed on?,"the verb ""to be"" indicate?","the verb ""to be"" look like? It changes depending on the subject: ""am"" for I, ""is"" for he/she/it, and ""are"" for you/we/they.",0.07,0.0,0.3,0.2
Which individual introduced the ideas of ‘Cultural Intensity’ and ‘Cultural Climax’ to the concept of a ‘Culture area’?, None of the other choices, E. B. Tylor, Clark Wissler, Franz Boas,A,,val,Which individual introduced the ideas of ‘Cultural Intensity’ and ‘Cultural Climax’,to the concept of a ‘Culture area’?,in the study of cultural evolution?,"were the American anthropologist **Robert Redfield** and the sociologist **Ralph Linton**. They introduced these concepts in their seminal 1936 book, *The Peasant Society and the Study of Civilizations*, to describe the dynamic relationship between small, traditional societies (low cultural intensity) and large, complex civilizations (high cultural intensity), arguing that the latter exerts a ""cultural climax"" or gravitational pull on the former.",0.09,0.31,0.41,0.62
How does the temperature affect the solubility of oxygen in water?, It decreases with increase in temperature, It decreases with decrease in temperature, It does not depend on temperature, It increases with increase in temperature,A,,val,How does the temperature affect the solubility,of oxygen in water?, of a solid in a liquid?,"of most solid solutes in water? Generally, as the temperature increases, the solubility of solids also increases. This means that warmer water can dissolve more solid material than cooler water. However, this trend does not apply to all substances; for example, the solubility of gases in liquids typically decreases as temperature rises.",0.11,0.4,0.61,0.71
Why does the resistance of a metal conductor increase with temperature?, change in current carriers., increase in the rate of collisions between the current carriers and the vibrating atoms of the conductor., increase in the number of collisions among the current carriers., None of the other choices,B,,val,Why does the resistance of a metal,conductor increase with temperature?,decrease with increasing temperature?,increase with temperature?,0.86,0.5,0.87,0.75
On what chemical principle do breath analyzers used by police to test for intoxicated drivers operate?, None of the other choices, Complexation reactions, Redox reactions, Acid-base reactions,D,,val,On what chemical principle do breath analyzers used by,police to test for intoxicated drivers operate?,police officers work? (A) The oxidation of ethanol to acetaldehyde by potassium dichromate (B) The reduction of ethanol to ethane by lithium aluminum hydride (C) The formation of an ester between ethanol and acetic acid (D) The dehydration of ethanol to ethene by concentrated sulfuric acid,"police officers operate? They rely on the principle of **oxidation**, specifically the catalytic oxidation of ethanol. Inside the device, a fuel cell or a copper catalyst at high temperatures reacts the alcohol in a breath sample with oxygen. This chemical reaction converts ethanol ($C_2H_5OH$) into acetic acid ($CH_3COOH$) and water, while simultaneously generating an electrical current. The magnitude of this current is directly proportional to the concentration of alcohol in the breath, allowing the machine to calculate the blood alcohol content (BAC).",0.04,0.08,0.52,0.57
"Blood calcium level is influenced by the amount of dietary calcium absorbed, the amount of calcium excreted in urine, the dissolution of bone releasing calcium into the bloodstream, and the uptake of calcium from the blood into tissues. Various factors significantly affect these processes. Identify the one that does not contribute.", Parathyroid hormone, Thymosin, Vitamin D, Thyrocalcitonin,B,,val,"Blood calcium level is influenced by the amount of dietary calcium absorbed, the amount of calcium excreted in urine, the dissolution of bone releasing calcium into the bloodstream, and the uptake of calcium from the blood into tissues. Various factors significantly affect these processes.",Identify the one that does not contribute.,Which of the following is NOT a factor that significantly affects these processes? A) The level of parathyroid hormone in the blood B) The amount of vitamin D in the diet C) The color of the skin D) The age of the individual,"Among these, the most critical regulator is parathyroid hormone (PTH), which is secreted by the parathyroid glands in response to low blood calcium levels. When calcium drops, PTH stimulates the dissolution of bone to release stored calcium, increases the reabsorption of calcium in the kidneys to reduce urinary excretion, and activates vitamin D to enhance intestinal absorption of dietary calcium. Conversely, when blood calcium levels are high, the hormone calcitonin is released to inhibit bone resorption and promote calcium deposition in bones, thereby lowering serum calcium concentrations. This dynamic interplay ensures that blood calcium remains within a narrow, physiologically optimal range essential for nerve function, muscle contraction, and blood clotting.",0.03,0.08,0.53,0.7
Which accessory sex gland is composed of 20-30 distinct lobes and produces approximately 30% of the semen?, Cowper's gland, Seminal vesicles, Bulbourethral gland, Prostate glands,D,,val,Which accessory sex gland is composed of 20-30 distinct lobes,and produces approximately 30% of the semen?,?,"The **seminal vesicles** are the accessory sex glands composed of approximately 20 to 30 distinct, highly coiled lobes. These lobes are responsible for producing a significant portion of the seminal fluid, which provides nutrients (such as fructose) and other substances essential for sperm motility and viability. While the prostate gland is also a major accessory gland, it is typically described as a single, walnut-sized organ rather than a multi-lobed structure in the same manner as the seminal vesicles.",0.09,0.0,0.52,0.65
Which of the following was not a feudal duty of the vassals to their liege lord?, Attendance at court and payment of tribute to the overlord., None of the other choices, Maintenance of a specified numbers of troops and payment of tribute to the king.," For smaller feudatories, permission from the king for any change in the administration of their property.",B,,val,Which of the following was not a feudal duty,of the vassals to their liege lord?,of a vassal to his lord?,"to pay taxes to the king.

(Note: In the feudal system, peasants or serfs owed labor, military service, or a portion of their harvest to their lord, but they did not pay direct taxes to the king. Taxes were typically levied by the king on the nobility or through specific mechanisms like tallage, not as a direct duty from the peasantry.)",0.12,0.46,0.52,0.81
"A salesman receives a 5.5% discount on his total sales along with a 0.5% bonus on sales exceeding Rs. 10,000. If his total earnings amounted to Rs. 1,990, what was the amount of his total sales in rupees?"," Rs. 34,000"," Rs. 45,000"," Rs. 22,000"," Rs. 32,000",A,,val,"A salesman receives a 5.5% discount on his total sales along with a 0.5% bonus on sales exceeding Rs. 10,000.","If his total earnings amounted to Rs. 1,990, what was the amount of his total sales in rupees?","If his total sales are Rs. 15,000, what is the net amount he receives?","If the salesman's total sales amount to Rs. 12,000, he first receives a 5.5% discount on the full amount, which equals Rs. 660. Additionally, since his sales exceed Rs. 10,000 by Rs. 2,000, he earns a 0.5% bonus on that excess, amounting to Rs. 10. Therefore, his total earnings from incentives are Rs. 670.",0.2,0.41,0.73,0.8
What in our residual plot indicates that the standard deviation of y varies with x?, Curve pattern, Linear Pattern, Fanning, All of the above,A,,val,What in our residual plot indicates that the standard,deviation of y varies with x?,errors are not constant.,What in our residual plot indicates that the standard deviation of the errors is not constant?,0.18,0.0,0.45,0.56
In what order should the boiling points of the following substances be listed?, None of the other choices, HCOOH > C2H5COOH > CH3COOH, HCOOH > CH3COOH > C2H5COOH, C2H5COOH > CH3COOH > HCOOH,D,,val,In what order should the boiling points of,the following substances be listed?,"the following substances be arranged from lowest to highest? (a) H2O, (b) H2S, (c) H2Se, (d) H2Te",the following substances be arranged?,0.8,0.36,0.84,0.67
Which of the following statements about scientific observation is FALSE?," yields valid data with classification, organization, or recording", is open to anyone who wants to pursue it, must occur under controlled conditions, must proceed systematically,B,,val,Which of the following statements about,scientific observation is FALSE?,the relationship between the size of a population and the rate of growth of that population is true?,the options is true?,0.25,0.09,0.42,0.44
What percentage of Earth's total history does the Precambrian Eon cover?, 87.6 percent, 5 percent, 0.04 percent, 12.4 percent,A,,val,What percentage of Earth's total history does,the Precambrian Eon cover?,the human species exist?,human civilization represent? Less than 0.01%.,0.0,0.25,0.42,0.42
Why are massive main-sequence stars more luminous than their low-mass counterparts?, None of the other choices, wider absorption lines., greater amounts of unstable heavy elements., greater core pressures and temperatures.,D,,val,Why are massive main-sequence stars more luminous,than their low-mass counterparts?,than low-mass main-sequence stars?,"than smaller ones? The answer lies in the relationship between a star's mass, its core temperature, and the rate of nuclear fusion. Massive stars have much stronger gravitational forces pulling inward, which creates an extremely high pressure and temperature in their cores. This intense environment allows for a vastly more rapid rate of hydrogen fusion compared to smaller stars. Because the energy production scales so steeply with mass (roughly to the fourth power), a star just twice as massive as the Sun can be hundreds of times more luminous, radiating that excess energy into space as brilliant light and heat.",0.06,0.55,0.61,0.86
The removal of ……………………….. necessitates a significant quantity of water., Urea, Uric acid, creatinine, Ammonia,D,,val,The removal of ……………………….. necessitates a,significant quantity of water.,comprehensive revision of the entire text.,"The removal of **a specific element** necessitates a **reassessment of the entire system**.

*(Note: Since the original text was not provided, this is a logical completion based on common sentence structures. If you have the specific source text you are referring to, please provide it for an exact match.)*",0.04,0.2,0.37,0.56
What is the effect of suppressing frequencies that do not contain any signal?, None of the other choices, Decreases S/N ratio, Increases S/N ratio, S/N ratio is kept constant,C,,val,What is the effect of suppressing frequencies that,do not contain any signal?,are below the Nyquist frequency in a digital signal?,are below the threshold of human hearing?,0.0,0.14,0.66,0.57
What is the term for analyzing human remains to detect signs of foul play?, Forensic Chemistry, None of the other choices, Forensic Pathology, Forensic Botany,C,,val,What is the term for analyzing human remains,to detect signs of foul play?,to determine the cause of death?,"What is the term for analyzing human remains? The answer is **forensic anthropology**. This specialized field of physical anthropology focuses on the study of human skeletal remains to assist in legal investigations, often helping to determine the identity of the deceased, estimate the time since death, and identify any signs of trauma or disease.",0.1,0.33,0.52,0.59
What will a cross-section at the midpoint of the middle segment of a human sperm reveal?, centriole and mitochondria," centriole, mitochondria and 9+2 arrangement of microtubules", 9+2 arrangement of microtubules only, mitochondria and 9+2 arrangement of microtubules,D,,val,What will a cross-section at the midpoint of the,middle segment of a human sperm reveal?,cross-section of a cube look like?,What will a cross-section at the midpoint of the **beam look like?**,0.1,0.29,0.37,0.49
Who authored the KATHĀVATTHU?, Moggaliputta Tissa, Buddhaghosa, Nāgasena, None of the other choices,A,,val,Who authored,the KATHĀVATTHU?,"the book ""The Great Gatsby""?",the book?,0.4,0.25,0.68,0.42
Which of these statements regarding telescopes is false?, We see distant cars getting smaller and smaller because their view to our eyes is diminishing, All telescopes are made of two convex lenses, The objective lens of the telescope can be a concave mirror, The objective lens (convex lens) of the telescope forms a reduced real image,B,,val,Which of these statements regarding,telescopes is false?,the relationship between the size of a population and the rate of growth of that population is true?,the relationship between sleep and memory consolidation is true?,0.17,0.1,0.34,0.39
In which of the following cases did the Supreme Court overturn its previous judgments in Shankari Prasad vs. Union of India (1951) and Sajjan Singh vs. State of Rajasthan (1965) regarding the Parliament's power to amend Fundamental Rights?, A.K. Gopalan Vs State of Madras, Golaknath Vs Punjab State, Minerva Mills Vs Union Government, None of the other choices,B,,val,In which of the following cases did the Supreme Court overturn its previous judgments in Shankari Prasad vs. Union of India (1951),and Sajjan Singh vs. State of Rajasthan (1965) regarding the Parliament's power to amend Fundamental Rights?,and Golaknath vs. State of Punjab (1967)?,"In which of the following cases did the Supreme Court overturn its previous judgments in *Shankari Prasad vs. Union of India* (1951)?

The Supreme Court overturned its earlier decision in **Kesavananda Bharati v. State of Kerala (1973)**.

In *Shankari Prasad* (1951), the Court had held that Parliament's power to amend the Constitution under Article 368 was unlimited and could not be challenged under Article 13, which prohibits laws that take away or abridge fundamental rights. This view was reaffirmed in *Sajjan Singh v. State of Rajasthan* (1965). However, in the landmark *Kesavananda Bharati* case, a 13-judge bench of the Supreme Court overruled these precedents. It established the **""Basic Structure Doctrine,""** ruling that while Parliament has the power to amend any part of the Constitution, it cannot alter or destroy its ""basic structure"" or essential features. Consequently, amendments that violate fundamental rights in a way that damages the basic structure (such as the right to property being a fundamental right at that time) are unconstitutional. This doctrine was later solidified in the *Minerva Mills v. Union of India* (1980) case.",0.14,0.33,0.59,0.67
What is the amount of charge passing through any cross section per unit time in a conductor with a non-uniform cross-section when a steady current is flowing?, Independent of the area of cross-section, Directly proportional to the area of cross-section, Proportional to square of the area of cross-section, Inversely proportional to the area of cross-section,A,,val,What is the amount of charge passing through any cross section per unit time in a,conductor with a non-uniform cross-section when a steady current is flowing?,conductor?,"conductor? This physical quantity is known as electric current. Mathematically, it is defined as the rate of change of charge with respect to time, expressed by the formula $I = \frac{dQ}{dt}$, where $I$ represents current, $Q$ is the charge, and $t$ is time. The standard unit of measurement for electric current is the ampere (A), which corresponds to one coulomb of charge passing through a cross-section per second.",0.12,0.14,0.54,0.69
For which type of fund is a statement of cash flows required?, Governmental, Fiduciary, Proprietary, All of the above,C,,val,For which type of fund is a,statement of cash flows required?,manager's compensation based on the fund's performance?,For which type of fund is a **board of directors required to approve the investment policy statement?**,0.18,0.0,0.49,0.45
What is the phenomenon called when a beam of light passes through a colloidal solution?, Cataphoresis, Tyndall effect, Electrophoresis, Coagulation,B,,val,What is the phenomenon called when a beam of,light passes through a colloidal solution?,light passes through a narrow slit and spreads out?,"light passes through a small aperture or around an obstacle and spreads out into a region of space that would otherwise be in shadow? This phenomenon is known as **diffraction**.

It occurs because light behaves as a wave; when it encounters an obstacle or opening comparable in size to its wavelength, the wavefronts bend and interfere with one another, creating patterns of bright and dark fringes. This effect is a fundamental demonstration of the wave nature of light and is observed in various contexts, from the spreading of sound waves around corners to the intricate patterns seen in the diffraction of X-rays through crystals.",0.07,0.53,0.43,0.46
What special measures are needed to grow stringent anaerobes in a medium?, passing through oxygen-free nitrogen, any of these, addition of cysteine, boiling the media for several minutes,B,,val,What special measures are needed to grow,stringent anaerobes in a medium?,rice in the Philippines?,a thriving community?,0.25,0.22,0.38,0.37
What does CPRF stand for?, Combined Plain Round Foundation, Corrosion Proof Raft Foundation, Connected Pile Round Foundation, Combined Pile Raft Foundation,D,,val,What does CPRF,stand for?, stand for?,"stand for? It is an acronym for the Communist Party of the Russian Federation, a major political party in Russia founded by former Soviet leader Boris Yeltsin's rival, Gennady Zyuganov, in 1993.",0.11,1.0,0.55,1.0
Where is a difference equation used?, Digital analysis, Continuous time analysis, Discrete time analysis, None of the mentioned,C,,val,Where is a difference,equation used?,between the two?,where a difference makes a difference.,0.0,0.0,0.49,0.45
Which of the following statements about Concurrent composite states is incorrect?, Concurrent composite states simplify state diagrams by greatly reducing the number of states and transitions, All of the mentioned," Any set of concurrent state diagrams can be converted into an equivalent sequential state diagram, but the number of states in the sequential state diagram may be as much as the product of the number of states in each of the concurrent state diagrams", None of the mentioned,A,,val,Which of the following statements about Concurrent,composite states is incorrect?,"Execution is true?
A. It is possible for a process to be in the running state while another process is also in the running state on a single-core system.
B. It is possible for a process to be in the waiting state while another process is in the ready state.
C. It is possible for a process to be in the ready state while another process is in the running state.
D. It is possible for a process to be in the terminated state while another process is in the ready state.
E. All of the above.","Execution is true? (Note: This appears to be an incomplete multiple-choice question stem. Without the list of options (A, B, C, D) or the specific context of the exam/textbook this was taken from, it is impossible to provide the correct completion with certainty. However, a common completion for this type of question stem is:)

""...that multiple processes can run at the same time on a single processor through time-slicing is true.""

*(If you can provide the full list of options or the source material, I can give you the exact intended answer.)*",0.02,0.02,0.38,0.53
"Which disease, associated with fever and rash, has an incubation period ranging from 10 to 21 days?", Measles, German measles, Dengue, Chicken pox,D,,val,"Which disease, associated with fever and rash, has an incubation",period ranging from 10 to 21 days?, period of 10 to 14 days?,period of 2 to 3 weeks?,0.31,0.62,0.77,0.82
How can polarized light be produced using a dichroic material such as Polaroid film?, selective absorption, refraction, reflection, None of the other choices,A,,val,How can polarized light be produced using a,dichroic material such as Polaroid film?,polaroid filter?,"How can polarized light be produced using a **polarizing filter?**

When unpolarized light (which vibrates in all directions perpendicular to its path) passes through a polarizing filter, the filter acts like a series of parallel slats. It blocks light waves vibrating in directions other than the angle of the filter's axis, allowing only the waves aligned with that axis to pass through. The result is a beam of light where the electric field oscillates in a single plane, known as polarized light.

Common methods to produce polarized light include:
1.  **Transmission through a Polaroid filter:** As described above.
2.  **Reflection:** Light reflecting off non-metallic surfaces (like water or glass) at a specific angle (Brewster's angle) becomes partially or fully polarized parallel to the surface.
3.  **Scattering:** When sunlight scatters off molecules in the atmosphere, the scattered light becomes partially polarized (this is why the sky appears polarized).
4.  **Birefringence:** Passing light through certain crystals (like calcite) that split the light into two rays with different polarizations.",0.02,0.25,0.47,0.68
What does the abbreviation 'CSCE' represent?, Collective Security in Conservation of Energy, Collective System of Cooperation on Environment, Common Security and Common Economic Growth, Conference on Security and Co-operation in Europe,D,,val,What does the abbreviation,'CSCE' represent?,"""CF"" stand for?",stand for?,0.0,0.0,0.55,0.55
Which of the following methods is most suitable for the long-term storage of microbial samples when executed correctly?, Storage in a freezer at ultra low temperatures (-70°C), Storage on a petri plate at room temperature, Storage in a freezer at -10°C, None of the other choices,A,,val,Which of the following methods is most suitable for the long-term,storage of microbial samples when executed correctly?,storage of large amounts of data in a distributed system?,storage of biological samples?,0.55,0.24,0.69,0.51
A product's value is composed of:, proprietary characteristics and attributes for which customers are willing to pay., proprietary characteristics and attributes for which customers consider paying., performance characteristics and attributes for which customers consider paying., performance characteristics and attributes for which customers are willing to pay.,D,,val,A product's value is,composed of:,determined by the market.,"determined not by its cost to create, but by the perceived benefit it delivers to the customer.",0.0,0.0,0.61,0.62
"Which of the following temples was built by Lokamahadevi, the senior queen of Chalukya ruler Vikramaditya II?", Virupaksha temple at Pattadakal, Meguti temple at Aihole, Vaikuntha Perumal temple at Kanchipuram, Draupadi Rath at Mamallapuram,A,,val,"Which of the following temples was built by Lokamahadevi, the",senior queen of Chalukya ruler Vikramaditya II?,"wife of King Vikramaditya?
A. Kailash Temple
B. Konark Sun Temple
C. Khajuraho Group of Monuments
D. Brihadeeswarar Temple","wife of the Chola emperor Rajaraja I, and is famous for its massive Nandi statue?",0.09,0.15,0.61,0.64
What is the product when isopropyl methyl ketone is treated with zinc amalgam and concentrated hydrochloric acid?, neo-pentane, iso-pentane, iso-butane, n-pentane,B,,val,What is the product when isopropyl methyl ketone is treated,with zinc amalgam and concentrated hydrochloric acid?, with excess methylmagnesium bromide followed by acidic workup?,"with sodium amide (NaNH₂) followed by water? The product is **isopropyl methyl ketone** itself, as the reaction conditions do not lead to a chemical transformation of the ketone under these specific circumstances.

However, if the question implies a standard nucleophilic addition or a different reagent (such as a Grignard reagent or hydride source), the answer would vary. For instance:
- With a **Grignard reagent** (e.g., methylmagnesium bromide) followed by acid workup, the product would be **2-methyl-2-butanol**.
- With a **hydride reducing agent** (e.g., NaBH₄ or LiAlH₄), the product would be **2-propanol** (isopropyl alcohol) if the carbonyl is reduced, though isopropyl methyl ketone specifically yields **2-butanol** upon reduction.

If the context refers to an **aldol condensation** or similar carbon-carbon bond-forming reaction, additional details about the reagents and conditions are required to determine the exact product. Without further specification, the most common textbook reaction involving isopropyl methyl ketone (methyl ethyl ketone) is its reduction to **2-butanol** or its alkylation to form higher alcohols.",0.02,0.13,0.45,0.51
What protein is associated with Creutzfeld-Jacob disease (CJD)?, Myosin, Keratin, Prion, Myoglobin,C,,val,What protein is associated with,Creutzfeld-Jacob disease (CJD)?,the regulation of cell division?,the regulation of cell division and is often overexpressed in certain cancers?,0.0,0.0,0.4,0.39
"In Chaucer's Canterbury Tales, who is the character that wears a gold brooch inscribed with ""Love conquers all"" in Latin?", The Nun, The Doctor, The Prioress, The Wife of Bath,C,,val,"In Chaucer's Canterbury Tales, who is the character that wears a gold","brooch inscribed with ""Love conquers all"" in Latin?",ring and is known for his greed?,"In Chaucer's Canterbury Tales, who is the character that wears a gold ring on his thumb? The answer is the **Pardoner**. In the General Prologue, Chaucer describes him as having a ""gold ring on his thumb"" (a ""gylle ringe""), which he uses to display his wealth and authority while preaching false sermons to earn money.",0.03,0.0,0.42,0.45
Who developed the concept of Theasuro-Facet?, Jean Aitkinson, Ranganathan, None of the other choices, Derek Austin,A,,val,Who developed the concept,of Theasuro-Facet?,"of the ""Big Bang"" theory?",of the theory?,0.33,0.25,0.49,0.38
"A vertical rectangular plane surface is submerged in water, with its top edge at 1.5 meters and its bottom edge at 6.0 meters below the water's surface. What is the distance from the free surface to the center of pressure?", 4.2m, None of the other choices, 4.0 m, 4.5m,A,,val,"A vertical rectangular plane surface is submerged in water, with its top edge at 1.5 meters and its bottom edge at 6.0 meters below the water's surface.",What is the distance from the free surface to the center of pressure?,The depth of the centroid of the surface is 3.75 meters.,"Given that the top edge is at a depth of 1.5 meters and the bottom edge is at 6.0 meters, the total height of the submerged surface is 4.5 meters. Assuming the surface is vertical, the centroid (geometric center) of the plane lies at a depth of 3.75 meters below the water's surface.",0.2,0.24,0.61,0.66
What is a typical error parents tend to make when attempting to curb unwanted behaviors?, None of the other choices, They use punishment too frequently.," They use intermittent punishment, when they should be using intermittent schedules of reinforcement.", They create intermittent schedules of reinforcement when they think they are punishing.,D,,val,What is a typical error parents tend to make,when attempting to curb unwanted behaviors?,when raising children?,when they try to fix every problem for their children instead of teaching them how to solve them themselves.,0.16,0.22,0.7,0.66
How can a short circuit be detected?, a meggar, an ammeter, an ohmmeter, an oscillscope,C,,val,How can a short,circuit be detected?,circuit be used to measure the temperature of a room?,How can a short story be so long?,0.18,0.31,0.37,0.46
"Which gymnastic position is commonly used to finish a back extension and cartwheel, where the weight is borne on one leg, the other leg is extended straight behind with the toe pointed, and the chest remains upright?", None of the other choices, Lunge, Relev or Releve, Pli or Plie,A,,val,"Which gymnastic position is commonly used to finish a back extension and cartwheel, where the weight is borne on one leg, the","other leg is extended straight behind with the toe pointed, and the chest remains upright?","weight is borne on one leg, the other leg is extended straight up in the air, and the arms are raised overhead.","knee is bent, and the other leg is extended backward with the foot pointed, while the arms are raised overhead or held in a specific position to maintain balance and complete the movement.",0.37,0.43,0.7,0.65
MALT makes up approximately ... percent of the lymphoid tissue in the human body.,10%, None of the other choices,70%,20%,B,,val,MALT makes up approximately ... percent of the,lymphoid tissue in the human body.,total area of the Maltese Islands.,MALT makes up approximately 10 to 15 percent of the total body protein in a healthy adult.,0.17,0.17,0.42,0.46
"For administering a cleansing enema, what is the common position used?", Supine, Prone, Sims left lateral, Dorsal Recumbent,C,,val,"For administering a cleansing enema, what is",the common position used?,the correct position for the patient?,"the correct procedure? First, wash your hands thoroughly and gather all necessary supplies, including a pre-lubricated enema kit, a clean basin, and privacy. Lie on your left side with your knees drawn up toward your chest to facilitate the flow of fluid into the colon. Slowly insert the nozzle into the rectum, ensuring it is well-lubricated to prevent discomfort, and gently squeeze the bulb or bag to allow the solution to enter. Remain in this position for several minutes to let the fluid work, then stand up and walk to the toilet to evacuate. Always follow the specific instructions provided with the product or as directed by a healthcare professional.",0.03,0.4,0.51,0.7
"In the powder method, the powder sample is held in which of the following?", Thin walled flask, Thin walled test tube, Thin walled curvettes, Thin walled glass capillary tubes,D,,val,"In the powder method, the powder sample is",held in which of the following?,placed in a glass tube and heated to a high temperature.,"In the powder method, the powder sample is placed in a sample holder and subjected to X-ray radiation to produce a diffraction pattern, which is then analyzed to determine the material's crystal structure and phase composition.",0.14,0.12,0.41,0.56
"In a complete binary tree with a depth of 4, how many nodes have no successors?",8, None of the other choices,0,16,A,,val,In a complete binary tree with a depth of,"4, how many nodes have no successors?"," 5, what is the maximum number of nodes it can have?","In a complete binary tree with a depth of $d$ (where the root is at depth 0), the maximum number of nodes is $2^{d+1} - 1$. However, since the tree is ""complete"" rather than ""perfect,"" the number of nodes $n$ can range from $2^d$ to $2^{d+1} - 1$. This means the tree is filled level by level, with all levels except possibly the last being completely full, and the last level having all its nodes as far left as possible.",0.02,0.22,0.44,0.6
"On a black sheet of paper, two small white dots are spaced 1 mm apart. If an eye with a pupil diameter of approximately 3 mm observes them, what is the maximum distance at which these dots can still be seen as separate? Assume the wavelength of light λ is 500 nm.", 6m, 5m, 1m, 3m,B,,val,"On a black sheet of paper, two small white dots are spaced 1 mm apart. If an eye with a pupil diameter of approximately 3 mm observes them, what is the maximum distance at which these dots can still be seen as separate?",Assume the wavelength of light λ is 500 nm.,"A. 1.5 m
B. 2.5 m
C. 3.5 m
D. 4.5 m","To solve this, we apply the Rayleigh criterion for the diffraction limit of resolution. The minimum angular separation $\theta$ required to distinguish two point sources is given by $\theta = 1.22 \frac{\lambda}{D}$, where $\lambda$ is the wavelength of light and $D$ is the diameter of the aperture (the pupil). Assuming a standard visible light wavelength of approximately 550 nm (green light, where the eye is most sensitive), we have $\lambda \approx 5.5 \times 10^{-7}$ m and $D = 3$ mm $= 3 \times 10^{-3}$ m.

Calculating the minimum angular resolution:
$$ \theta = 1.22 \times \frac{5.5 \times 10^{-7} \text{ m}}{3 \times 10^{-3} \text{ m}} \approx 2.24 \times 10^{-4} \text{ radians} $$

The maximum distance $L$ at which the dots remain separate is found using the small-angle approximation $\theta \approx \frac{s}{L}$, where $s$ is the separation between the dots (1 mm $= 10^{-3}$ m). Rearranging for $L$:
$$ L = \frac{s}{\theta} = \frac{10^{-3} \text{ m}}{2.24 \times 10^{-4}} \approx 4.46 \text{ meters} $$

Therefore, the maximum distance at which the two dots can still be seen as separate is approximately **4.5 meters**.",0.06,0.0,0.52,0.69
"In which essay did Eliot's theory of the ""objective correlative"" appear?", The Metaphysical Poets, Hamlet, Three voices of Poetry, Tradition and the Individual Talent,B,,val,In which essay did Eliot's theory of,"the ""objective correlative"" appear?","the ""objective correlative"" appear?","In which essay did Eliot's theory of the objective correlative first appear? It was introduced in his seminal 1919 work, **""Hamlet and His Problems,""** where he argued that a poet must find ""a set of objects, a situation, a chain of events which shall be the formula of that particular emotion; such that when the external facts, which must terminate in sensory experience, are given, the emotion is immediately evoked.""",0.11,1.0,0.48,0.98
"Pointing to a photograph, a man remarked, ""I have no siblings, but that man’s father is the son of my father."" Whose photograph is it?", His Cousin's, His uncle's, His nephew's, His son's,D,,val,"Pointing to a photograph, a man remarked, ""I have no siblings, but that man’s father is the son of my father.""",Whose photograph is it?,"The relationship between the man in the photograph and the speaker is that of:
A. Father
B. Brother
C. Son
D. Uncle","""That man is my son.""",0.22,0.15,0.74,0.71
Which of the following statements accurately describes Oracle Cloud Infrastructure's Object Storage Service?, An Archive Object Storage tier bucket can be upgraded to the Standard Object Storage tier., You cannot directly download an object froman Archive Object Storage bucket., None of the other choices, An existing Standard Object Storage tier bucket can be downgraded to the Archive Object Storage tier.,B,,val,Which of the following statements accurately describes Oracle,Cloud Infrastructure's Object Storage Service?, Database Cloud Service?,"Which of the following statements accurately describes Oracle?

**Answer:** Oracle is a multinational computer technology corporation known for developing and marketing database software and technology, cloud engineered systems, and enterprise software products. Founded in 1977, the company is best known for its Oracle Database, which is a leading relational database management system (RDBMS) used by millions of organizations worldwide. Oracle also provides a comprehensive suite of cloud services through Oracle Cloud Infrastructure (OCI), applications for human capital management, supply chain, and customer experience, and hardware solutions including servers and storage systems. The company is publicly traded on the New York Stock Exchange under the ticker symbol ORCL and is headquartered in Austin, Texas.",0.05,0.44,0.49,0.6
"What properties result from different concentrations of a solute in a solvent, regardless of the solute's specific nature in relation to the solvent?", Extensive properties, Colligative properties, Intensive properties, None of the other choices,A,,val,"What properties result from different concentrations of a solute in a solvent, regardless of",the solute's specific nature in relation to the solvent?,the nature of the solvent?,"the identity of the solvent or solute? This phenomenon, known as colligative properties, depends solely on the number of solute particles present in a solution rather than their chemical nature. Common examples include boiling point elevation, freezing point depression, osmotic pressure, and vapor pressure lowering.",0.11,0.53,0.6,0.86
"If arctan(3) + arctan(x) = arctan(8), what is the value of x?",5, \(\frac{1}{5}\), \(\frac{5}{14}\), None of the other choices,B,,val,"If arctan(3) + arctan(x) = arctan(8), what",is the value of x?,is the value of x?,"is the value of $x$?

To solve for $x$, we can use the tangent addition formula:
$$ \tan(A + B) = \frac{\tan A + \tan B}{1 - \tan A \tan B} $$

Let $A = \arctan(3)$ and $B = \arctan(x)$. Then:
$$ \tan(\arctan(3) + \arctan(x)) = \tan(\arctan(8)) $$

Substituting the values:
$$ \frac{3 + x}{1 - 3x} = 8 $$

Now, solve for $x$:
$$ 3 + x = 8(1 - 3x) $$
$$ 3 + x = 8 - 24x $$
$$ 25x = 5 $$
$$ x = \frac{5}{25} = \frac{1}{5} $$

**Answer:** $x = \frac{1}{5}$ (or 0.2)",0.11,1.0,0.57,0.97
"Mr. Harper often yelled at Mrs. Harper for unnecessarily trumping cards during their bridge games. Rather than improving her gameplay, Mrs. Harper quit playing bridge entirely. This scenario exemplifies what?", the punisher feeling reinforced for giving out punishment., None of the other choices, the punished individual turning the punishment into reinforcement., the punished individual learning to dislike the punisher.,B,,val,"Mr. Harper often yelled at Mrs. Harper for unnecessarily trumping cards during their bridge games. Rather than improving her gameplay, Mrs. Harper quit playing bridge entirely.",This scenario exemplifies what?,"Mr. Harper often yelled at Mrs. Harper for unnecessarily trumping cards during their bridge games. Rather than improving her gameplay, Mrs. Harper quit playing bridge entirely. This is an example of the _______ effect.","Consequently, the couple's weekly bridge nights were replaced by quiet evenings where Mr. Harper would play solitaire alone, occasionally sighing at the empty chair across from him.",0.0,0.05,0.61,0.77
Which one of the following statements about a microcontroller is INCORRECT?, It is less flexible from the design point of view compared to a microprocessor., It has many bit handling instructions., It has a separate memory map for data and code., It has more than two instructions to move data between memory and CPU.,D,,val,Which one of the following statements about,a microcontroller is INCORRECT?,the relationship between the size of a country's population and its economic growth rate is true?,the options provided is true?,0.22,0.19,0.4,0.36
"Level of Difficulty: 2, Page Reference: 316
42) Which of the following is not a characteristic of smooth muscle?", it appears to lack troponin, there are more thick filaments than thin filaments, there are no sarcomeres, None of the other choices,B,,val,"Level of Difficulty: 2, Page Reference: 316
42) Which of the following",is not a characteristic of smooth muscle?,"is the correct answer?
A) 1
B) 2
C) 3
D) 4
E) 5",is the correct answer?,0.18,0.19,0.51,0.5
Which gland or cell is responsible for secreting the lipid layer of the tear film?, Orbital gland, Lacrimal gland, Tarsal gland, Goblet cells,C,,val,Which gland or cell is responsible for secreting the,lipid layer of the tear film?,hormone that regulates blood sugar levels?,"Which gland or cell is responsible for secreting the hormone insulin? The pancreas, specifically the beta cells within the Islets of Langerhans, is responsible for secreting insulin. This hormone plays a critical role in regulating blood glucose levels by facilitating the uptake of glucose into cells for energy or storage.",0.07,0.0,0.36,0.45
"In a standard sort and shuffle phase of MapReduce, how are keys and values presented and passed to the reducers?", Keys are presented to reducer in sorted order; values for a given key are sorted in ascending order., Keys are presented to a reducer in random order; values for a given key are sorted in ascending order., Keys are presented to reducer in sorted order; values for a given key are not sorted., Keys are presented to a reducer in random order; values for a given key are not sorted.,C,,val,"In a standard sort and shuffle phase of MapReduce, how are keys",and values presented and passed to the reducers?, grouped?,grouped together and sorted in ascending order by the framework before being passed to the reducers.,0.42,0.0,0.69,0.62
________ signifies the principle of causing no harm and is generally ________ in nature., Nonmaleficence; proactive, Beneficence; proactive, None of the other choices, Nonmaleficence; reactive,D,,val,________ signifies the principle of causing no harm,and is generally ________ in nature.,A. Ahimsa,Ahimsa signifies the principle of causing no harm.,0.0,0.0,0.69,0.58
"Identify three activities, tools, and techniques commonly employed in current network design processes.", Analyzing network traffic, Network auditing, Filtering incoming network traffic, Simulation of network traffic,A,,val,"Identify three activities, tools, and techniques commonly employed",in current network design processes., in the field of data science.,"in project management to effectively plan, execute, and control tasks. These include:

1.  **Activities**: Defining specific work packages or tasks required to achieve project objectives, such as conducting stakeholder interviews or developing a risk register.
2.  **Tools**: Utilizing software and resources like Gantt charts for scheduling, Microsoft Project for resource allocation, or collaborative platforms like Jira and Trello for task tracking.
3.  **Techniques**: Applying methodologies such as the Critical Path Method (CPM) to determine the longest sequence of dependent tasks, or the Delphi technique to gather expert opinions for forecasting.",0.02,0.18,0.49,0.65
The Nan Hua Jing (南華經) classics, contains the teachings of Mencius, contains the teachings of Confucius, None of the other choices, contains the teachings of Lao Tzu,C,,val,The Nan Hua Jing,(南華經) classics,"is a Daoist text that was written in the 4th century CE. It is one of the most important texts in the Daoist canon and is considered to be the foundation of the Quanzhen school of Daoism. The text is divided into three parts: the first part is called the ""Great Perfection of the Way,"" the second part is called the ""Great Perfection of the Way and Virtue,"" and the third part is called the ""Great Perfection of the Way and Virtue and the Great Perfection of the Way and Virtue."" The text is written in a style that is both poetic and philosophical, and it is filled with metaphors and allegories that are meant to convey the deepest truths of the Dao. The text is also known for its emphasis on the importance of meditation and the cultivation of the inner self.","The *Nan Hua Jing* (Classic of the Southern Flower), also known as the *Nan Hua Pin Jing* or the *Scripture of the Southern Flower*, is a significant Mahayana Buddhist text that emerged during the Tang Dynasty in China. It is attributed to the Indian monk Śubhakarasiṃha (also known as Vajrabodhi) and his disciple Amoghavajra, who translated it into Chinese around 703–704 CE. The text is closely associated with the Huayan (Avatamsaka) school of Buddhism and elaborates on the concept of the ""Southern Flower"" as a metaphor for the ultimate truth or the Buddha-nature that blossoms within all sentient beings.

The *Nan Hua Jing* emphasizes the interpenetration of all phenomena, the non-duality of samsara and nirvana, and the idea that the entire universe is a manifestation of the Buddha's wisdom. It draws heavily on the imagery of the Avatamsaka Sutra, particularly the metaphor of the flower that contains the entire cosmos within its petals, symbolizing the unity and interconnectedness of all things. The text also discusses the practice of meditation, the cultivation of compassion, and the path to enlightenment, urging practitioners to realize their inherent Buddha-nature and to act in harmony with the natural order of the universe.

In the context of Chinese Buddhist literature, the *Nan Hua Jing* played a crucial role in shaping the philosophical and spiritual foundations of the Huayan school, influencing both monastic practice and lay devotion. Its teachings continue to be studied and revered today, offering profound insights into the nature of reality and the potential for liberation that lies within every being.",0.0,0.0,0.47,0.44
What is the color temperature of a candle flame?, 1850K., 1830K., 1840K., None of the other choices,A,,val,What is the color temperature,of a candle flame?,of a candle flame?,"of the light source you are using? It is measured in Kelvin (K) and determines whether the light appears warm (yellowish, like a candle) or cool (bluish, like daylight).",0.18,1.0,0.56,0.96
How does adaptive optics improve the resolution of telescope images through the rapid use of a computer?, combine the light collected by several connected telescopes., trigger a laser to heat up the atmosphere., adjust the shape of the mirror., change the humidity inside the tube.,C,,val,How does adaptive optics improve the resolution of telescope images,through the rapid use of a computer?,by compensating for atmospheric turbulence,"by compensating for atmospheric distortion. Earth's atmosphere acts like a shimmering lens, causing starlight to blur and twinkle, which severely limits the resolving power of ground-based telescopes. Adaptive optics systems counteract this by using a wavefront sensor to measure the incoming light's distortions in real-time. A deformable mirror, controlled by a computer, then rapidly adjusts its shape—often hundreds of times per second—to cancel out these distortions. This process allows ground-based telescopes to achieve image clarity and resolution that rivals or even surpasses those of space-based observatories like the Hubble Space Telescope.",0.08,0.0,0.56,0.52
What is the size of a plane table?, 300 mm x 450 mm, 450 mm x 600 mm, 600 mm x 750 mm, 750 mm x 900 mm,C,,val,What is the size of,a plane table?,the largest known star in the universe?,the universe?,0.0,0.0,0.46,0.39
"What has a person exercised when they successfully make a decision despite the lack of an obvious model, rule, or reliable and complete data?", judgment., None of the other choices, effective strategic thinking., foresight,A,,val,What has a person exercised when they successfully make a decision despite the lack,"of an obvious model, rule, or reliable and complete data?",of information?,"of information or certainty? This quality is known as **decisiveness** or **judgment**. It involves the ability to weigh available options, assess potential risks, and commit to a course of action even when the outcome is not guaranteed. True decisiveness is not about having all the answers, but about having the confidence to move forward with the best information at hand, thereby avoiding the paralysis that often comes from overthinking or waiting for perfect conditions.",0.07,0.17,0.56,0.71
Which of the following is a crucial guideline to follow when giving medications to a patient?, Documenting the medication administration after the fact, Administering medications prescribed to another patient in the same room, Administering the medication in any form the patient prefers, Checking the patient’s identification before administration,D,,val,Which of the following is a crucial guideline to,follow when giving medications to a patient?,follow when writing a research paper?,follow when writing a research paper?,0.46,0.46,0.52,0.52
"What is the term for the idea that a manager's ability to make completely rational decisions is limited by internal and external environmental influences, as well as by their own traits and decision-making skills?", objective rationality, None of the other choices, A & B., values,B,,val,What is the term for the idea that a manager's ability to make completely rational decisions is limited by internal,"and external environmental influences, as well as by their own traits and decision-making skills?",and external constraints?,"factors such as cognitive limitations, incomplete information, and emotional biases? This concept is known as **bounded rationality**.

Coined by Herbert Simon in the 1950s, bounded rationality challenges the traditional economic assumption that managers are ""homo economicus""—perfectly rational actors who always maximize utility. Instead, Simon argued that decision-makers operate under constraints: they have limited knowledge of all available options, cannot process vast amounts of data simultaneously, and often rely on heuristics (mental shortcuts) to simplify complex problems. Consequently, rather than seeking the single best possible solution, managers typically aim for a ""satisficing"" outcome—a solution that is good enough to meet their minimum requirements. This framework remains fundamental to modern organizational behavior, explaining why real-world decisions often deviate from purely logical models.",0.06,0.22,0.57,0.77
Which of the following hydraulic fluids is based on phosphate ester?, Skydrol 500B-4, MIL-0-83282, MIL-0-5606, None of the other choices,A,,val,Which of the following hydraulic fluids is,based on phosphate ester?,not recommended for use in aircraft hydraulic systems?,most commonly used in modern aircraft hydraulic systems?,0.0,0.0,0.47,0.45
What does it signify when concordance rates are higher among identical twins compared to fraternal twins?, There is partially a genetic basis., There is a 100% genetic cause., There is a 100% environmental cause., There is partially an environmental basis.,A,,val,What does it signify when concordance rates are higher,among identical twins compared to fraternal twins?, than for monozygotic twins than for dizygotic twins?,"What does it signify when concordance rates are higher? It signifies a stronger genetic influence on the trait or condition being studied. When concordance rates—the probability that both members of a pair (such as identical twins) share a specific characteristic—are significantly higher than chance, it suggests that heredity plays a substantial role in determining that outcome. For instance, if identical twins (who share nearly 100% of their DNA) show a much higher rate of agreement on a trait compared to fraternal twins (who share about 50% of their DNA), researchers can infer that genetic factors are more influential than environmental ones in shaping that trait.",0.11,0.27,0.64,0.66
Into which nodes is perianal lymph drained?, Superficial inguinal lymph nodes, Deep inguinal lymph nodes, External iliac lymph nodes, Internal iliac lymph nodes,A,,val,Into which nodes is,perianal lymph drained?, the information from the source node distributed?,the data being routed?,0.0,0.0,0.54,0.47
Which approach to the study of law would a researcher focus on if they are investigating the incidence of rape in various types of societies and its correlation with the level of male dominance in these societies?, sociological, philosophical, anthropological, None of the other choices,C,,val,Which approach to the study of law would a researcher focus on if they are investigating the incidence of rape in various,types of societies and its correlation with the level of male dominance in these societies?,"countries?
A. Legal history
B. Jurisprudence
C. Legal sociology
D. Legal philosophy
E. Legal theory","countries to understand the social patterns, causes, and consequences of the crime within different communities?",0.13,0.0,0.71,0.6
What does time shifting of a discrete time signal refer to?, y[n] = x[n-k], None of the other choices, y[n] = x[n+k], y[n] = x[-n-k],A,,val,What does time shifting of a discrete,time signal refer to?,signal correspond to?,"signal mean? It refers to the operation of delaying or advancing a discrete-time signal by a certain number of samples. Mathematically, if $x[n]$ is the original signal, a time shift by $n_0$ results in a new signal $y[n] = x[n - n_0]$. If $n_0 > 0$, the signal is delayed (shifted to the right); if $n_0 < 0$, the signal is advanced (shifted to the left). This operation is fundamental in digital signal processing for applications such as filtering, synchronization, and system analysis.",0.07,0.57,0.53,0.81
6-What objective did Lévi-Strauss have in examining ethnographic facts and cultural artifacts from various cultural backgrounds?, None of the other choices, To produce his own fieldwork studies, To become an anthropologist, To understand the working of the human mind,D,,val,6-What objective did Lévi-Strauss have in examining ethnographic facts,and cultural artifacts from various cultural backgrounds?,to show that the human mind is a universal structure?,"to demonstrate that the human mind operates according to universal, unconscious structures, much like language, and that these structures allow for the transformation of raw experience into meaningful cultural systems, thereby revealing the underlying logic that connects all human societies despite their apparent surface differences.",0.08,0.0,0.56,0.62
Which of the following statements about electron affinity is false?, It is expressed in electron volts, It causes energy to be absorbed, None of the other choices, It involves formation of an anion,B,,val,Which of the following statements about,electron affinity is false?,the relationship between the size of a population and the rate of growth of that population is true?,the options is true?,0.25,0.09,0.36,0.39
Which statement regarding Business Objects is accurate?, None of the other choices, Logging of individual stages is not configurable in Business Objects, A Business Object is configured in the Studio area of Blue Prism, It is Blue Prism best practice to include business rules within Business Objects,C,,val,Which statement regarding Business,Objects is accurate?,es is true?,Which statement regarding Business **is true?**,0.22,0.33,0.7,0.64
"What single discount is equivalent to a series of discounts of 20%, 10%, and 5%?",31.60%,25%,33.50%,30%,A,,val,What single discount is equivalent to a series of,"discounts of 20%, 10%, and 5%?","discounts of 10%, 20%, and 30%?",discounts?,0.29,0.67,0.74,0.84
A natural language generation program needs to determine __________, both what to say & when to say something, what to say, when to say something, why it is being used,B,,val,A natural language generation program,needs to determine __________,is designed to produce human-like text based on input prompts.,designed to create human-like text from given inputs.,0.17,0.14,0.56,0.57
